kenteken;voertuigsoort;merk;catalogusprijs;eerste_kleur;prijscategorie
00HLD3;Personenauto;FIAT;17393.0;CREME;normaal
00HNR8;Personenauto;FIAT;15406.0;WIT;normaal
00HNS1;Personenauto;FIAT;22798.0;GRIJS;hoog
00HNV9;Personenauto;FIAT;19693.0;ZWART;normaal
00HPD9;Personenauto;FIAT;15975.0;ZWART;normaal
00HPJ2;Personenauto;FIAT;15579.0;WIT;normaal
00HPN9;Personenauto;FIAT;15793.0;ZWART;normaal
00HPS7;Personenauto;FIAT;19369.0;GRIJS;normaal
00HPV6;Personenauto;FIAT;16454.0;BLAUW;normaal
00HPZ8;Personenauto;FIAT;17890.0;GRIJS;normaal
00HRF2;Personenauto;FIAT;15524.0;ZWART;normaal
00HRN6;Personenauto;FIAT;16104.0;ZWART;normaal
00HRR7;Personenauto;FIAT;17138.0;ROOD;normaal
00HSF7;Personenauto;FIAT;15843.0;ZWART;normaal
00HTF4;Personenauto;FIAT;15629.0;WIT;normaal
00HTH4;Personenauto;FIAT;15559.0;WIT;normaal
00HTK5;Personenauto;FIAT;10088.0;ZWART;normaal
00HTN8;Personenauto;FIAT;16154.0;CREME;normaal
00HTN9;Personenauto;FIAT;23572.0;ZWART;hoog
00HTS2;Personenauto;FIAT;13794.0;CREME;normaal
00HTS3;Personenauto;FIAT;9958.0;ORANJE;normaal
00HTV8;Personenauto;FIAT;15132.0;WIT;normaal
00HVB3;Personenauto;FIAT;34632.0;BLAUW;hoog
00HVP5;Personenauto;FIAT;9752.0;BEIGE;normaal
00HVT6;Personenauto;FIAT;10412.0;GRIJS;normaal
00HXF1;Personenauto;FIAT;9681.0;WIT;normaal
00HXL5;Personenauto;FIAT;17279.0;GRIJS;normaal
00HXS1;Personenauto;FIAT;22061.0;ZWART;hoog
00HXT6;Personenauto;FIAT;9958.0;BLAUW;normaal
00HZD2;Personenauto;FIAT;10928.0;ZWART;normaal
00HZG8;Personenauto;FIAT;13630.0;ZWART;normaal
00HZG9;Personenauto;FIAT;10133.0;BLAUW;normaal
00HZH1;Personenauto;FIAT;23869.0;BLAUW;hoog
00HZK4;Personenauto;FIAT;14004.0;BLAUW;normaal
00HZK5;Personenauto;FIAT;14938.0;WIT;normaal
00HZK6;Personenauto;FIAT;9732.0;WIT;normaal
00HZK7;Personenauto;FIAT;15670.0;BLAUW;normaal
00HZP3;Personenauto;FIAT;16872.0;CREME;normaal
00HZP4;Personenauto;FIAT;20514.0;ZWART;hoog
00HZS6;Personenauto;FIAT;15579.0;WIT;normaal
00JBJ1;Personenauto;FIAT;17459.0;WIT;normaal
00JBL2;Personenauto;FIAT;13843.0;WIT;normaal
00JBP1;Personenauto;FIAT;15713.0;CREME;normaal
00JBT3;Personenauto;FIAT;15282.0;WIT;normaal
00JBX4;Personenauto;FIAT;17384.0;GRIJS;normaal
00JBZ8;Personenauto;FIAT;15020.0;WIT;normaal
00JDS1;Personenauto;FIAT;25144.0;GEEL;hoog
00JFB9;Personenauto;FIAT;9688.0;WIT;normaal
00JFK2;Personenauto;FIAT;15078.0;GRIJS;normaal
00JFT9;Personenauto;FIAT;30525.0;BRUIN;hoog
00JGG6;Personenauto;FIAT;15113.0;ZWART;normaal
00JGJ9;Personenauto;FIAT;23338.0;BEIGE;hoog
00JGP9;Personenauto;FIAT;15702.0;BLAUW;normaal
00JGV4;Personenauto;FIAT;8857.0;WIT;normaal
00JGZ5;Personenauto;FIAT;10288.0;ZWART;normaal
00JHG3;Personenauto;FIAT;10112.0;ZWART;normaal
00JHL3;Personenauto;FIAT;15910.0;GRIJS;normaal
00JHL4;Personenauto;FIAT;10112.0;GRIJS;normaal
00JHL5;Personenauto;FIAT;14347.0;BLAUW;normaal
00JHP9;Personenauto;FIAT;10137.0;ROOD;normaal
00JHR1;Personenauto;FIAT;11503.0;GRIJS;normaal
00JJP4;Personenauto;FIAT;8863.0;GEEL;normaal
00JJZ7;Personenauto;FIAT;10112.0;BEIGE;normaal
00JKD5;Personenauto;FIAT;9758.0;WIT;normaal
00JKG2;Personenauto;FIAT;13836.0;WIT;normaal
00JKL9;Personenauto;FIAT;17003.0;WIT;normaal
00JKN1;Personenauto;FIAT;10112.0;ZWART;normaal
00JKP8;Personenauto;FIAT;23298.0;BLAUW;hoog
00JKT2;Personenauto;FIAT;19013.0;ZWART;normaal
00JKX4;Personenauto;FIAT;15936.0;ZWART;normaal
00JLD2;Personenauto;FIAT;11758.0;ORANJE;normaal
00JLD3;Personenauto;FIAT;25239.0;GRIJS;hoog
00JLH1;Personenauto;FIAT;10112.0;ZWART;normaal
00JLH2;Personenauto;FIAT;17193.0;WIT;normaal
00JLL1;Personenauto;FIAT;15760.0;WIT;normaal
00JLL2;Personenauto;FIAT;10158.0;ZWART;normaal
00JLL3;Personenauto;FIAT;16394.0;ZWART;normaal
00JLR3;Personenauto;FIAT;15804.0;ROOD;normaal
00JLR5;Personenauto;FIAT;9338.0;ZWART;normaal
00JLR6;Personenauto;FIAT;13727.0;ZWART;normaal
00JNG7;Personenauto;FIAT;13761.0;WIT;normaal
00JNS2;Personenauto;FIAT;16678.0;CREME;normaal
00JPB5;Personenauto;FIAT;11093.0;GRIJS;normaal
00JPF7;Personenauto;FIAT;14544.0;WIT;normaal
00JPH6;Personenauto;FIAT;15837.0;ROOD;normaal
00JPL8;Personenauto;FIAT;14998.0;ROOD;normaal
00JPZ5;Personenauto;FIAT;11079.0;WIT;normaal
00JRD2;Personenauto;FIAT;15788.0;ZWART;normaal
00JRG4;Personenauto;FIAT;9962.0;ROOD;normaal
00JRK3;Personenauto;FIAT;22798.0;BLAUW;hoog
00JRN5;Personenauto;FIAT;16268.0;ROOD;normaal
00JRN6;Personenauto;FIAT;9933.0;WIT;normaal
00JRS7;Personenauto;FIAT;15676.0;WIT;normaal
00JSJ3;Personenauto;FIAT;15020.0;GRIJS;normaal
00JSK7;Personenauto;FIAT;13836.0;WIT;normaal
00JSN7;Personenauto;FIAT;16367.0;ROOD;normaal
00JSR4;Personenauto;FIAT;15900.0;CREME;normaal
00JTD5;Personenauto;FIAT;9488.0;BLAUW;normaal
00JTL7;Personenauto;FIAT;17079.0;WIT;normaal
00JTT1;Personenauto;FIAT;10112.0;GRIJS;normaal
00JTT2;Personenauto;FIAT;10112.0;ZWART;normaal
00JTX5;Personenauto;FIAT;16394.0;ZWART;normaal
00JVH9;Personenauto;FIAT;15657.0;WIT;normaal
00JVK5;Personenauto;FIAT;9088.0;WIT;normaal
00JVT7;Personenauto;FIAT;15432.0;WIT;normaal
00JXD7;Personenauto;FIAT;18219.0;WIT;normaal
00JXJ7;Personenauto;FIAT;14461.0;ZWART;normaal
00JXP7;Personenauto;FIAT;19013.0;GRIJS;normaal
00JXS6;Personenauto;FIAT;10112.0;ORANJE;normaal
00JXV6;Personenauto;FIAT;18803.0;CREME;normaal
00JZB2;Personenauto;FIAT;15650.0;WIT;normaal
00JZB3;Personenauto;FIAT;15642.0;GRIJS;normaal
00JZF8;Personenauto;FIAT;16161.0;CREME;normaal
00JZF9;Personenauto;FIAT;8713.0;GEEL;normaal
00JZJ2;Personenauto;FIAT;17726.0;CREME;normaal
00JZJ3;Personenauto;FIAT;9962.0;ROOD;normaal
00JZL7;Personenauto;FIAT;9713.0;WIT;normaal
00JZL8;Personenauto;FIAT;13749.0;BLAUW;normaal
00JZS4;Personenauto;FIAT;15275.0;WIT;normaal
00JZS5;Personenauto;FIAT;8888.0;GEEL;normaal
00JZS6;Personenauto;FIAT;9923.0;ROOD;normaal
00JZS7;Personenauto;FIAT;16450.0;GRIJS;normaal
00KBG7;Personenauto;FIAT;38888.0;WIT;hoog
00KBH4;Personenauto;FIAT;16498.0;CREME;normaal
00KBV6;Personenauto;FIAT;15713.0;ZWART;normaal
00KDD1;Personenauto;FIAT;13878.0;WIT;normaal
00KDV2;Personenauto;FIAT;9713.0;WIT;normaal
00KDZ1;Personenauto;FIAT;10112.0;BLAUW;normaal
00KFB8;Personenauto;FIAT;16104.0;CREME;normaal
00KFF6;Personenauto;FIAT;9483.0;GRIJS;normaal
00KFH9;Personenauto;FIAT;10112.0;BLAUW;normaal
00KFL7;Personenauto;FIAT;13283.0;WIT;normaal
00KFL8;Personenauto;FIAT;10158.0;ZWART;normaal
00KFR8;Personenauto;FIAT;14562.0;ROOD;normaal
00KFR9;Personenauto;FIAT;10288.0;BEIGE;normaal
00KFS1;Personenauto;FIAT;10112.0;BLAUW;normaal
00KFS2;Personenauto;FIAT;10333.0;ZWART;normaal
00KFV6;Personenauto;FIAT;10008.0;ROOD;normaal
00KFV8;Personenauto;FIAT;16878.0;BLAUW;normaal
00KGH3;Personenauto;FIAT;16967.0;WIT;normaal
00KHH7;Personenauto;FIAT;17434.0;GRIJS;normaal
00KHN7;Personenauto;FIAT;8713.0;GEEL;normaal
00KHP8;Personenauto;FIAT;15975.0;CREME;normaal
00KHS9;Personenauto;FIAT;21994.0;ROOD;hoog
00KHV6;Personenauto;FIAT;18345.0;BLAUW;normaal
00KHV7;Personenauto;FIAT;9433.0;WIT;normaal
00KJB1;Personenauto;FIAT;9962.0;BLAUW;normaal
00KJF5;Personenauto;FIAT;9962.0;GEEL;normaal
00KJN4;Personenauto;FIAT;16144.0;GRIJS;normaal
00KJX9;Personenauto;FIAT;10158.0;ZWART;normaal
00KKR8;Personenauto;FIAT;15564.0;BLAUW;normaal
00KLB3;Personenauto;FIAT;15587.0;WIT;normaal
00KLR9;Personenauto;FIAT;19294.0;ROOD;normaal
00KNB2;Personenauto;FIAT;16443.0;BLAUW;normaal
00KNH9;Personenauto;FIAT;14345.0;ZWART;normaal
00KRB9;Personenauto;FIAT;9638.0;BEIGE;normaal
00KRD1;Personenauto;FIAT;17875.0;ZWART;normaal
00KRF8;Personenauto;FIAT;10694.0;GRIJS;normaal
00KRH5;Personenauto;FIAT;8539.0;GRIJS;normaal
00KRJ9;Personenauto;FIAT;15468.0;WIT;normaal
00KRK1;Personenauto;FIAT;8889.0;GRIJS;normaal
00KRP8;Personenauto;FIAT;19285.0;BRUIN;normaal
00KRV6;Personenauto;FIAT;9058.0;BLAUW;normaal
00KSF1;Personenauto;FIAT;15279.0;WIT;normaal
00KSF2;Personenauto;FIAT;8514.0;GRIJS;normaal
00KSH9;Personenauto;FIAT;9365.0;WIT;normaal
00KSJ1;Personenauto;FIAT;9596.0;GRIJS;normaal
00KSJ2;Personenauto;FIAT;9514.0;BLAUW;normaal
00KSJ3;Personenauto;FIAT;10694.0;GRIJS;normaal
00KSN3;Personenauto;FIAT;13320.0;ZWART;normaal
00KSN4;Personenauto;FIAT;21920.0;BEIGE;hoog
00KSX5;Personenauto;FIAT;20695.0;CREME;hoog
00KTF9;Personenauto;FIAT;16634.0;BRUIN;normaal
00KTN4;Personenauto;FIAT;15482.0;WIT;normaal
00KTR5;Personenauto;FIAT;17350.0;WIT;normaal
00KTV3;Personenauto;FIAT;9514.0;PAARS;normaal
00KVD2;Personenauto;FIAT;20695.0;ROOD;hoog
00KVF9;Personenauto;FIAT;9365.0;WIT;normaal
00KVJ1;Personenauto;FIAT;20340.0;BLAUW;hoog
00KVL4;Personenauto;FIAT;9432.0;PAARS;normaal
00KVP6;Personenauto;FIAT;20695.0;CREME;hoog
00KVV3;Personenauto;FIAT;9456.0;BLAUW;normaal
00KVZ7;Personenauto;FIAT;20695.0;ROOD;hoog
00KVZ8;Personenauto;FIAT;27880.0;GRIJS;hoog
00KXF8;Personenauto;FIAT;15885.0;ZWART;normaal
00KXF9;Personenauto;FIAT;9514.0;GRIJS;normaal
00KXG1;Personenauto;FIAT;10694.0;GRIJS;normaal
00KXG2;Personenauto;FIAT;24950.0;GRIJS;hoog
00KXX5;Personenauto;FIAT;8365.0;BLAUW;normaal
00KZB7;Personenauto;FIAT;15409.0;WIT;normaal
00KZH3;Personenauto;FIAT;12201.0;ZWART;normaal
00KZK2;Personenauto;FIAT;16980.0;BEIGE;normaal
00KZR9;Personenauto;FIAT;16592.0;ZWART;normaal
00KZZ1;Personenauto;FIAT;15437.0;ZWART;normaal
00LBB9;Personenauto;FIAT;15864.0;GRIJS;normaal
00LBJ9;Personenauto;FIAT;20695.0;CREME;hoog
00LBV8;Personenauto;FIAT;20695.0;WIT;hoog
00LDB5;Personenauto;FIAT;14047.0;WIT;normaal
00LDG5;Personenauto;FIAT;15600.0;GRIJS;normaal
00LDG6;Personenauto;FIAT;16145.0;GRIJS;normaal
00LDK4;Personenauto;FIAT;9765.0;BLAUW;normaal
00LDK5;Personenauto;FIAT;18110.0;ZWART;normaal
00LDS6;Personenauto;FIAT;16015.0;CREME;normaal
00LDS7;Personenauto;FIAT;9765.0;BLAUW;normaal
00LDS8;Personenauto;FIAT;9466.0;BLAUW;normaal
00LDZ3;Personenauto;FIAT;11657.0;BEIGE;normaal
00LDZ4;Personenauto;FIAT;9765.0;GRIJS;normaal
00LDZ5;Personenauto;FIAT;10694.0;GRIJS;normaal
00LFH8;Personenauto;FIAT;14219.0;WIT;normaal
00LFH9;Personenauto;FIAT;8690.0;ZWART;normaal
00LGG5;Personenauto;FIAT;19894.0;GRIJS;normaal
00LGR3;Personenauto;FIAT;15905.0;BLAUW;normaal
00LGV3;Personenauto;FIAT;9596.0;WIT;normaal
00LGZ4;Personenauto;FIAT;9720.0;BLAUW;normaal
00LHD4;Personenauto;FIAT;8939.0;GRIJS;normaal
00LHG5;Personenauto;FIAT;9720.0;ZWART;normaal
00LHN4;Personenauto;FIAT;18079.0;WIT;normaal
00LHS4;Personenauto;FIAT;8690.0;GRIJS;normaal
00LHS5;Personenauto;FIAT;17713.0;GRIJS;normaal
00LHV9;Personenauto;FIAT;16863.0;GRIJS;normaal
00LJB2;Personenauto;FIAT;20695.0;CREME;hoog
00LJG1;Personenauto;FIAT;9720.0;ROOD;normaal
00LJG2;Personenauto;FIAT;20670.0;ZWART;hoog
00LJL3;Personenauto;FIAT;9635.0;ZWART;normaal
00LJL4;Personenauto;FIAT;16713.0;BLAUW;normaal
00LJR3;Personenauto;FIAT;12670.0;GRIJS;normaal
00LKJ9;Personenauto;FIAT;15572.0;WIT;normaal
00LKK8;Personenauto;FIAT;20971.0;BRUIN;hoog
00LLB7;Personenauto;FIAT;21600.0;ROOD;hoog
00LLH1;Personenauto;FIAT;14047.0;ROOD;normaal
00LLH2;Personenauto;FIAT;9765.0;GRIJS;normaal
00LLN6;Personenauto;FIAT;10570.0;ZWART;normaal
00LLZ7;Personenauto;FIAT;18705.0;CREME;normaal
00LLZ9;Personenauto;FIAT;9511.0;ZWART;normaal
00LNB1;Personenauto;FIAT;9720.0;BEIGE;normaal
00LNB2;Personenauto;FIAT;12203.0;ROOD;normaal
00LND3;Personenauto;FIAT;20695.0;CREME;hoog
00LND4;Personenauto;FIAT;9590.0;GRIJS;normaal
00LND5;Personenauto;FIAT;9511.0;BLAUW;normaal
00LND6;Personenauto;FIAT;11696.0;WIT;normaal
00LND7;Personenauto;FIAT;21246.0;BRUIN;hoog
00LNH9;Personenauto;FIAT;20695.0;CREME;hoog
00LNJ1;Personenauto;FIAT;9590.0;GRIJS;normaal
00LNJ2;Personenauto;FIAT;8565.0;GEEL;normaal
00LNZ7;Personenauto;FIAT;15767.0;WIT;normaal
00LPH8;Personenauto;FIAT;16067.0;ROOD;normaal
00LPP6;Personenauto;FIAT;9596.0;BLAUW;normaal
00LPT1;Personenauto;FIAT;17092.0;GRIJS;normaal
00LPX4;Personenauto;FIAT;16063.0;ZWART;normaal
00LRD4;Personenauto;FIAT;14632.0;ROOD;normaal
00LRG8;Personenauto;FIAT;18794.0;ROOD;normaal
00LRK3;Personenauto;FIAT;21814.0;BRUIN;hoog
00LRN7;Personenauto;FIAT;9720.0;ROOD;normaal
00LRX2;Personenauto;FIAT;9590.0;ZWART;normaal
00LSF3;Personenauto;FIAT;19906.0;ZWART;normaal
00LSH7;Personenauto;FIAT;16368.0;ROSE;normaal
00LSR4;Personenauto;FIAT;15905.0;WIT;normaal
00LSR5;Personenauto;FIAT;10569.0;GRIJS;normaal
00LSZ1;Personenauto;FIAT;15393.0;WIT;normaal
00LSZ2;Personenauto;FIAT;9765.0;ZWART;normaal
00LTD4;Personenauto;FIAT;13595.0;ZWART;normaal
00LTF7;Personenauto;FIAT;8690.0;GRIJS;normaal
00LTF8;Personenauto;FIAT;9590.0;PAARS;normaal
00LTF9;Personenauto;FIAT;21939.0;BRUIN;hoog
00LTK6;Personenauto;FIAT;14307.0;CREME;normaal
00LTK7;Personenauto;FIAT;20695.0;CREME;hoog
00LTK8;Personenauto;FIAT;9641.0;ROOD;normaal
00LTK9;Personenauto;FIAT;9635.0;BLAUW;normaal
00LTL1;Personenauto;FIAT;27530.0;BLAUW;hoog
00LTR3;Personenauto;FIAT;14234.0;GRIJS;normaal
00LTR4;Personenauto;FIAT;8690.0;GRIJS;normaal
00LTR5;Personenauto;FIAT;8885.0;BLAUW;normaal
00LTX3;Personenauto;FIAT;14289.0;WIT;normaal
00LTX4;Personenauto;FIAT;20695.0;CREME;hoog
00LTX5;Personenauto;FIAT;19815.0;ZWART;normaal
00LXD2;Personenauto;FIAT;15393.0;BLAUW;normaal
00LXH7;Personenauto;FIAT;16172.0;ZWART;normaal
00LXS3;Personenauto;FIAT;18127.0;ZWART;normaal
00LXV2;Personenauto;FIAT;19940.0;GRIJS;normaal
00LXZ1;Personenauto;FIAT;9590.0;ZWART;normaal
00LZD1;Personenauto;FIAT;9820.0;GRIJS;normaal
00LZF9;Personenauto;FIAT;9590.0;GRIJS;normaal
00LZJ4;Personenauto;FIAT;9720.0;BLAUW;normaal
00LZL6;Personenauto;FIAT;9641.0;GEEL;normaal
00LZP7;Personenauto;FIAT;9216.0;GEEL;normaal
00LZS6;Personenauto;FIAT;15336.0;WIT;normaal
00LZS7;Personenauto;FIAT;9820.0;PAARS;normaal
00LZV8;Personenauto;FIAT;18294.0;ZWART;normaal
00LZV9;Personenauto;FIAT;9590.0;ZWART;normaal
00NBB5;Personenauto;FIAT;16933.0;GRIJS;normaal
00NBB6;Personenauto;FIAT;9466.0;WIT;normaal
00NBG7;Personenauto;FIAT;15295.0;BLAUW;normaal
00NBG8;Personenauto;FIAT;9345.0;BEIGE;normaal
00NBG9;Personenauto;FIAT;17868.0;ZWART;normaal
00NBP7;Personenauto;FIAT;17726.0;ZWART;normaal
00NBX7;Personenauto;FIAT;18652.0;ROOD;normaal
00NDB8;Personenauto;FIAT;9720.0;ZWART;normaal
00NDF6;Personenauto;FIAT;8285.0;GEEL;normaal
00NDH5;Personenauto;FIAT;11419.0;GRIJS;normaal
00NDK2;Personenauto;FIAT;18136.0;WIT;normaal
00NDT3;Personenauto;FIAT;9590.0;BLAUW;normaal
00NDX1;Personenauto;FIAT;9765.0;BLAUW;normaal
00NFB1;Personenauto;FIAT;10569.0;ZWART;normaal
00NFF6;Personenauto;FIAT;9720.0;BLAUW;normaal
00NFH8;Personenauto;FIAT;17868.0;ZWART;normaal
00NFK7;Personenauto;FIAT;9466.0;WIT;normaal
00NFN7;Personenauto;FIAT;15393.0;BLAUW;normaal
00NFR8;Personenauto;FIAT;9720.0;PAARS;normaal
00NFV2;Personenauto;FIAT;18104.0;CREME;normaal
00NFZ7;Personenauto;FIAT;10569.0;ZWART;normaal
00NGD9;Personenauto;FIAT;18639.0;WIT;normaal
00NGK9;Personenauto;FIAT;15600.0;ZWART;normaal
00NGL1;Personenauto;FIAT;17344.0;ZWART;normaal
00NGP9;Personenauto;FIAT;15661.0;WIT;normaal
00NGZ1;Personenauto;FIAT;9596.0;WIT;normaal
00NHF6;Personenauto;FIAT;14047.0;WIT;normaal
00NHH9;Personenauto;FIAT;17088.0;ZWART;normaal
00NHL2;Personenauto;FIAT;14149.0;ZWART;normaal
00NHP2;Personenauto;FIAT;17787.0;ZWART;normaal
00NHS3;Personenauto;FIAT;17355.0;WIT;normaal
00NJB3;Personenauto;FIAT;16820.0;WIT;normaal
00NJL2;Personenauto;FIAT;16599.0;WIT;normaal
00NJL3;Personenauto;FIAT;9590.0;ZWART;normaal
00NJL4;Personenauto;FIAT;17470.0;BLAUW;normaal
00NJV3;Personenauto;FIAT;17518.0;CREME;normaal
00NJV4;Personenauto;FIAT;17750.0;GRIJS;normaal
00NKB3;Personenauto;FIAT;13279.0;ROOD;normaal
00NKG2;Personenauto;FIAT;15336.0;BLAUW;normaal
00NKG3;Personenauto;FIAT;8911.0;BLAUW;normaal
00NKK4;Personenauto;FIAT;15759.0;GRIJS;normaal
00NKK5;Personenauto;FIAT;10569.0;BLAUW;normaal
00NKK6;Personenauto;FIAT;17440.0;BLAUW;normaal
00NKP7;Personenauto;FIAT;18729.0;GRIJS;normaal
00NKP8;Personenauto;FIAT;10569.0;GRIJS;normaal
00NKP9;Personenauto;FIAT;16771.0;WIT;normaal
00NLH6;Personenauto;FIAT;9590.0;GRIJS;normaal
00NLL9;Personenauto;FIAT;20713.0;GRIJS;hoog
00NLS8;Personenauto;FIAT;10569.0;ZWART;normaal
00NLV8;Personenauto;FIAT;18969.0;BEIGE;normaal
00NNB2;Personenauto;FIAT;9880.0;ZWART;normaal
00NNB3;Personenauto;FIAT;16382.0;GRIJS;normaal
00NNK5;Personenauto;FIAT;9596.0;ROOD;normaal
00NNN5;Personenauto;FIAT;8314.0;GEEL;normaal
00NNN6;Personenauto;FIAT;16438.0;BLAUW;normaal
00NNS4;Personenauto;FIAT;9590.0;GRIJS;normaal
00NNS5;Personenauto;FIAT;14333.0;GRIJS;normaal
00NNV8;Personenauto;FIAT;9720.0;GRIJS;normaal
00NNZ8;Personenauto;FIAT;20776.0;CREME;hoog
00NPD9;Personenauto;FIAT;9720.0;GRIJS;normaal
00NPL1;Personenauto;FIAT;15381.0;ZWART;normaal
00NPS8;Personenauto;FIAT;14581.0;BLAUW;normaal
00NPX1;Personenauto;FIAT;15958.0;CREME;normaal
00NRB4;Personenauto;FIAT;9596.0;WIT;normaal
00NRG6;Personenauto;FIAT;15673.0;CREME;normaal
00NRG7;Personenauto;FIAT;9466.0;GEEL;normaal
00NRG8;Personenauto;FIAT;17750.0;GRIJS;normaal
00NRS3;Personenauto;FIAT;8689.0;GRIJS;normaal
00NRS4;Personenauto;FIAT;17604.0;WIT;normaal
00NSG7;Personenauto;FIAT;15336.0;GRIJS;normaal
00NSK4;Personenauto;FIAT;8689.0;GRIJS;normaal
00NSK5;Personenauto;FIAT;15976.0;WIT;normaal
00NSR2;Personenauto;FIAT;15381.0;ZWART;normaal
00NST7;Personenauto;FIAT;15657.0;ZWART;normaal
00NTG5;Personenauto;FIAT;18400.0;ZWART;normaal
00NTJ5;Personenauto;FIAT;17766.0;ZWART;normaal
00NTJ9;Personenauto;FIAT;19068.0;ZWART;normaal
00NTL2;Personenauto;FIAT;16325.0;ZWART;normaal
00NTP1;Personenauto;FIAT;9639.0;WIT;normaal
00NTP2;Personenauto;FIAT;17153.0;GRIJS;normaal
00NTS3;Personenauto;FIAT;9466.0;WIT;normaal
00NTS4;Personenauto;FIAT;15854.0;GRIJS;normaal
00NTV2;Personenauto;FIAT;9639.0;BLAUW;normaal
00NTV7;Personenauto;FIAT;18446.0;ZWART;normaal
00NTX9;Personenauto;FIAT;18933.0;WIT;normaal
00NVB5;Personenauto;FIAT;10170.0;ZWART;normaal
00NVF2;Personenauto;FIAT;16442.0;GRIJS;normaal
00NVF4;Personenauto;FIAT;15318.0;ROOD;normaal
00NVG9;Personenauto;FIAT;16442.0;ZWART;normaal
00NVH3;Personenauto;FIAT;8314.0;GEEL;normaal
00NVK4;Personenauto;FIAT;13705.0;GRIJS;normaal
00NVN8;Personenauto;FIAT;9720.0;GRIJS;normaal
00NVS8;Personenauto;FIAT;16470.0;GRIJS;normaal
00NXB2;Personenauto;FIAT;9590.0;ZWART;normaal
00NXF5;Personenauto;FIAT;16982.0;GRIJS;normaal
00NXH2;Personenauto;FIAT;9590.0;BLAUW;normaal
00NXK4;Personenauto;FIAT;9590.0;ZWART;normaal
00NXL3;Personenauto;FIAT;8690.0;BLAUW;normaal
00NXL8;Personenauto;FIAT;18406.0;ZWART;normaal
00NZH1;Personenauto;FIAT;8564.0;WIT;normaal
00PBG5;Personenauto;FIAT;19122.0;ROOD;normaal
00PBV3;Personenauto;FIAT;16477.0;BLAUW;normaal
00PBV4;Personenauto;FIAT;9590.0;GRIJS;normaal
00PDH8;Personenauto;FIAT;18648.0;ZWART;normaal
00PDR7;Personenauto;FIAT;15051.0;GRIJS;normaal
00PDS1;Personenauto;FIAT;17275.0;BLAUW;normaal
00PDZ7;Personenauto;FIAT;8524.0;BLAUW;normaal
00PDZ9;Personenauto;FIAT;16500.0;WIT;normaal
00PFF1;Personenauto;FIAT;16368.0;ROSE;normaal
00PGP8;Personenauto;FIAT;16217.0;WIT;normaal
00PGP9;Personenauto;FIAT;18136.0;WIT;normaal
00PGR1;Personenauto;FIAT;9720.0;ZWART;normaal
00PGR2;Personenauto;FIAT;10170.0;ZWART;normaal
00PGR4;Personenauto;FIAT;13874.0;BLAUW;normaal
00PGR6;Personenauto;FIAT;18216.0;ZWART;normaal
00PGT3;Personenauto;FIAT;9635.0;ZWART;normaal
00PGT4;Personenauto;FIAT;21189.0;GRIJS;hoog
00PGX3;Personenauto;FIAT;9720.0;ZWART;normaal
00PGX4;Personenauto;FIAT;18388.0;ZWART;normaal
00PHB8;Personenauto;FIAT;8885.0;GRIJS;normaal
00PHL5;Personenauto;FIAT;9520.0;WIT;normaal
00PHP8;Personenauto;FIAT;8819.0;GRIJS;normaal
00PHP9;Personenauto;FIAT;14772.0;WIT;normaal
00PHV2;Personenauto;FIAT;15852.0;CREME;normaal
00PHV3;Personenauto;FIAT;9590.0;BLAUW;normaal
00PJB2;Personenauto;FIAT;16143.0;CREME;normaal
00PJH4;Personenauto;FIAT;8719.0;ZWART;normaal
00PJL6;Personenauto;FIAT;9720.0;PAARS;normaal
00PJR4;Personenauto;FIAT;17233.0;BLAUW;normaal
00PJV5;Personenauto;FIAT;16170.0;WIT;normaal
00PKF3;Personenauto;FIAT;23293.0;GRIJS;hoog
00PKH5;Personenauto;FIAT;16080.0;ZWART;normaal
00PKH6;Personenauto;FIAT;16215.0;GRIJS;normaal
00PKL7;Personenauto;FIAT;13763.0;GRIJS;normaal
00PKR7;Personenauto;FIAT;17045.0;CREME;normaal
00PKR8;Personenauto;FIAT;17104.0;GRIJS;normaal
00PKV1;Personenauto;FIAT;18594.0;ZWART;normaal
00PLF4;Personenauto;FIAT;9744.0;GRIJS;normaal
00PLH8;Personenauto;FIAT;8629.0;BLAUW;normaal
00PLN3;Personenauto;FIAT;9494.0;ZWART;normaal
00PLN4;Personenauto;FIAT;17744.0;WIT;normaal
00PLS4;Personenauto;FIAT;14418.0;BLAUW;normaal
00PLV7;Personenauto;FIAT;15893.0;ZWART;normaal
00PNB2;Personenauto;FIAT;14245.0;WIT;normaal
00PNB3;Personenauto;FIAT;17762.0;BLAUW;normaal
00PNF7;Personenauto;FIAT;18482.0;ZWART;normaal
00PNK6;Personenauto;FIAT;16719.0;CREME;normaal
00PNK7;Personenauto;FIAT;9744.0;BEIGE;normaal
00PNR1;Personenauto;FIAT;14047.0;BLAUW;normaal
00PNR2;Personenauto;FIAT;9669.0;GRIJS;normaal
00PNR3;Personenauto;FIAT;16980.0;ZWART;normaal
00PNV8;Personenauto;FIAT;9220.0;GEEL;normaal
00PNV9;Personenauto;FIAT;16470.0;GRIJS;normaal
00PPF3;Personenauto;FIAT;19274.0;ZWART;normaal
00PPJ7;Personenauto;FIAT;9370.0;GEEL;normaal
00PPR2;Personenauto;FIAT;17794.0;ZWART;normaal
00PPT7;Personenauto;FIAT;18482.0;ZWART;normaal
00PPT8;Personenauto;FIAT;18474.0;GRIJS;normaal
00PPX8;Personenauto;FIAT;9619.0;GRIJS;normaal
00PRB8;Personenauto;FIAT;9464.0;ROOD;normaal
00PRG2;Personenauto;FIAT;9944.0;PAARS;normaal
00PRJ8;Personenauto;FIAT;9720.0;ROOD;normaal
00PRJ9;Personenauto;FIAT;16982.0;ZWART;normaal
00PRR8;Personenauto;FIAT;15995.0;BLAUW;normaal
00PRT3;Personenauto;FIAT;10570.0;GEEL;normaal
00PRV1;Personenauto;FIAT;9820.0;ZWART;normaal
00PRZ6;Personenauto;FIAT;20695.0;ROOD;hoog
00PRZ7;Personenauto;FIAT;17697.0;ZWART;normaal
00PSH2;Personenauto;FIAT;14319.0;GRIJS;normaal
00PSL1;Personenauto;FIAT;8744.0;BLAUW;normaal
00PSP4;Personenauto;FIAT;15333.0;ZWART;normaal
00PSX1;Personenauto;FIAT;9744.0;ZWART;normaal
00PTD2;Personenauto;FIAT;17624.0;ZWART;normaal
00PTH8;Personenauto;FIAT;8769.0;GRIJS;normaal
00PTJ1;Personenauto;FIAT;19544.0;ROOD;normaal
00PTN4;Personenauto;FIAT;18482.0;ZWART;normaal
00PTN5;Personenauto;FIAT;9744.0;ZWART;normaal
00PTN6;Personenauto;FIAT;13440.0;BLAUW;normaal
00PTS7;Personenauto;FIAT;15294.0;WIT;normaal
00PTS9;Personenauto;FIAT;13874.0;BLAUW;normaal
00PTX9;Personenauto;FIAT;7769.0;GEEL;normaal
00PTZ1;Personenauto;FIAT;9619.0;GRIJS;normaal
00PTZ2;Personenauto;FIAT;17020.0;ZWART;normaal
00PVF9;Personenauto;FIAT;18770.0;CREME;normaal
00PVG1;Personenauto;FIAT;9794.0;GRIJS;normaal
00PVG2;Personenauto;FIAT;17020.0;ZWART;normaal
00PVP2;Personenauto;FIAT;19494.0;GRIJS;normaal
00PVP3;Personenauto;FIAT;9619.0;ZWART;normaal
00PVP4;Personenauto;FIAT;14312.0;GRIJS;normaal
00PVZ4;Personenauto;FIAT;15294.0;WIT;normaal
00PVZ5;Personenauto;FIAT;9769.0;ZWART;normaal
00PZB6;Personenauto;FIAT;17750.0;ZWART;normaal
00PZF8;Personenauto;FIAT;10945.0;ROOD;normaal
00PZJ4;Personenauto;FIAT;20695.0;CREME;hoog
00PZN6;Personenauto;FIAT;9794.0;GRIJS;normaal
00PZS1;Personenauto;FIAT;18482.0;ZWART;normaal
00PZV1;Personenauto;FIAT;15869.0;ZWART;normaal
00PZZ8;Personenauto;FIAT;15145.0;ZWART;normaal
00RBF6;Personenauto;FIAT;13595.0;WIT;normaal
00RBK3;Personenauto;FIAT;9794.0;BEIGE;normaal
00RBK4;Personenauto;FIAT;9744.0;ZWART;normaal
00RBP4;Personenauto;FIAT;16822.0;BLAUW;normaal
00RBX4;Personenauto;FIAT;13295.0;GRIJS;normaal
00RBX5;Personenauto;FIAT;9619.0;ZWART;normaal
00RDB9;Personenauto;FIAT;17494.0;ORANJE;normaal
00RDD4;Personenauto;FIAT;8919.0;ROOD;normaal
00RDD5;Personenauto;FIAT;14854.0;BLAUW;normaal
00RDK3;Personenauto;FIAT;16719.0;BLAUW;normaal
00RDK4;Personenauto;FIAT;9745.0;ROOD;normaal
00RDK5;Personenauto;FIAT;17925.0;GRIJS;normaal
00RDV8;Personenauto;FIAT;9619.0;ZWART;normaal
00RFD7;Personenauto;FIAT;17070.0;CREME;normaal
00RFK8;Personenauto;FIAT;9695.0;WIT;normaal
00RFR6;Personenauto;FIAT;10245.0;GRIJS;normaal
00RGB1;Personenauto;FIAT;9519.0;GRIJS;normaal
00RGF9;Personenauto;FIAT;14605.0;WIT;normaal
00RGG1;Personenauto;FIAT;20015.0;GRIJS;hoog
00RGJ3;Personenauto;FIAT;13070.0;BLAUW;normaal
00RGL7;Personenauto;FIAT;16472.0;ZWART;normaal
00RGR2;Personenauto;FIAT;13135.0;WIT;normaal
00RHB3;Personenauto;FIAT;17995.0;ZWART;normaal
00RHJ3;Personenauto;FIAT;9644.0;BLAUW;normaal
00RHN1;Personenauto;FIAT;17395.0;WIT;normaal
00RHS8;Personenauto;FIAT;8194.0;GEEL;normaal
00RHS9;Personenauto;FIAT;9344.0;GEEL;normaal
00RHZ4;Personenauto;FIAT;17094.0;WIT;normaal
00RHZ5;Personenauto;FIAT;9794.0;BLAUW;normaal
00RHZ6;Personenauto;FIAT;10145.0;WIT;normaal
00RJG1;Personenauto;FIAT;14945.0;WIT;normaal
00RJG2;Personenauto;FIAT;9644.0;BLAUW;normaal
00RJG3;Personenauto;FIAT;9644.0;BLAUW;normaal
00RJG4;Personenauto;FIAT;9744.0;ZWART;normaal
00RJL2;Personenauto;FIAT;9019.0;GRIJS;normaal
00RJL3;Personenauto;FIAT;9744.0;PAARS;normaal
00RJL4;Personenauto;FIAT;17570.0;WIT;normaal
00RJR5;Personenauto;FIAT;9619.0;GRIJS;normaal
00RJX5;Personenauto;FIAT;9919.0;GRIJS;normaal
00RKG9;Personenauto;FIAT;17820.0;WIT;normaal
00RKJ6;Personenauto;FIAT;20222.0;GRIJS;hoog
00RKN3;Personenauto;FIAT;16044.0;ZWART;normaal
00RKN5;Personenauto;FIAT;16664.0;ROOD;normaal
00RKS1;Personenauto;FIAT;8744.0;WIT;normaal
00RKZ8;Personenauto;FIAT;18970.0;WIT;normaal
00RLF2;Personenauto;FIAT;19020.0;WIT;normaal
00RLF8;Personenauto;FIAT;14114.0;WIT;normaal
00RLJ9;Personenauto;FIAT;27298.0;WIT;hoog
00RLN7;Personenauto;FIAT;22295.0;ZWART;hoog
00RLS4;Personenauto;FIAT;18873.0;ZWART;normaal
00RND9;Personenauto;FIAT;10295.0;ZWART;normaal
00RNP4;Personenauto;FIAT;9469.0;GRIJS;normaal
00RNT6;Personenauto;FIAT;16170.0;ROOD;normaal
00RNT7;Personenauto;FIAT;9520.0;BLAUW;normaal
00RNT8;Personenauto;FIAT;9520.0;WIT;normaal
00RNT9;Personenauto;FIAT;16783.0;ZWART;normaal
00RPB6;Personenauto;FIAT;15670.0;WIT;normaal
00RPB7;Personenauto;FIAT;9644.0;GRIJS;normaal
00RPK4;Personenauto;FIAT;15970.0;CREME;normaal
00RPK5;Personenauto;FIAT;15670.0;WIT;normaal
00RPK6;Personenauto;FIAT;17769.0;ZWART;normaal
00RPK7;Personenauto;FIAT;10295.0;PAARS;normaal
00RPK8;Personenauto;FIAT;9619.0;BEIGE;normaal
00RPK9;Personenauto;FIAT;18761.0;ZWART;normaal
00RPT4;Personenauto;FIAT;17545.0;CREME;normaal
00RPT6;Personenauto;FIAT;9794.0;ZWART;normaal
00RPT7;Personenauto;FIAT;17570.0;GRIJS;normaal
00RRB5;Personenauto;FIAT;14794.0;WIT;normaal
00RRG9;Personenauto;FIAT;17799.0;GRIJS;normaal
00RRK1;Personenauto;FIAT;19029.0;GRIJS;normaal
00RRN5;Personenauto;FIAT;10245.0;BLAUW;normaal
00RRR7;Personenauto;FIAT;21895.0;BLAUW;hoog
00RRT7;Personenauto;FIAT;16950.0;GRIJS;normaal
00RSH1;Personenauto;FIAT;9619.0;ZWART;normaal
00RSN9;Personenauto;FIAT;14794.0;GRIJS;normaal
00RTG1;Personenauto;FIAT;17199.0;GRIJS;normaal
00RTL6;Personenauto;FIAT;16770.0;WIT;normaal
00RTV6;Personenauto;FIAT;19369.0;BLAUW;normaal
00RTV7;Personenauto;FIAT;9794.0;ZWART;normaal
00RTV8;Personenauto;FIAT;18515.0;ROOD;normaal
00RVP7;Personenauto;FIAT;15670.0;WIT;normaal
00RVS7;Personenauto;FIAT;21395.0;WIT;hoog
00RVZ4;Personenauto;FIAT;14494.0;ZWART;normaal
00RXJ3;Personenauto;FIAT;17919.0;WIT;normaal
00RXS3;Personenauto;FIAT;16514.0;GRIJS;normaal
00RZF9;Personenauto;FIAT;14339.0;BLAUW;normaal
00RZN7;Personenauto;FIAT;17019.0;WIT;normaal
00RZS2;Personenauto;FIAT;19769.0;GRIJS;normaal
00RZS3;Personenauto;FIAT;23882.0;BEIGE;hoog
00RZV8;Personenauto;FIAT;10145.0;WIT;normaal
00SBB1;Personenauto;FIAT;17045.0;ORANJE;normaal
00SBB2;Personenauto;FIAT;16619.0;BLAUW;normaal
00SBB3;Personenauto;FIAT;10145.0;ROOD;normaal
00SBF8;Personenauto;FIAT;10145.0;WIT;normaal
00SBV6;Personenauto;FIAT;13190.0;GRIJS;normaal
00SFL1;Personenauto;FIAT;10295.0;WIT;normaal
00SFZ7;Personenauto;FIAT;10145.0;BLAUW;normaal
00SGK4;Personenauto;FIAT;22395.0;WIT;hoog
00SGV1;Personenauto;FIAT;20095.0;WIT;hoog
00SHB3;Personenauto;FIAT;9744.0;PAARS;normaal
00SHG8;Personenauto;FIAT;10245.0;BLAUW;normaal
00SHN2;Personenauto;FIAT;16144.0;WIT;normaal
00SHN3;Personenauto;FIAT;10245.0;BEIGE;normaal
00SHN4;Personenauto;FIAT;16165.0;GRIJS;normaal
00SHV3;Personenauto;FIAT;14895.0;ROOD;normaal
00SHV4;Personenauto;FIAT;10245.0;BEIGE;normaal
00SJD8;Personenauto;FIAT;16444.0;WIT;normaal
00SJD9;Personenauto;FIAT;10295.0;GRIJS;normaal
00SJJ4;Personenauto;FIAT;17520.0;BLAUW;normaal
00SJR7;Personenauto;FIAT;16745.0;ZWART;normaal
00SKD5;Personenauto;FIAT;17689.0;WIT;normaal
00SKG9;Personenauto;FIAT;17094.0;WIT;normaal
00SKS6;Personenauto;FIAT;18320.0;WIT;normaal
00SKV8;Personenauto;FIAT;10295.0;BEIGE;normaal
00SLB4;Personenauto;FIAT;20939.0;WIT;hoog
00SLV8;Personenauto;FIAT;16195.0;BLAUW;normaal
00SND2;Personenauto;FIAT;9519.0;ZWART;normaal
00SNH3;Personenauto;FIAT;17045.0;WIT;normaal
00SNH4;Personenauto;FIAT;52653.0;GRIJS;hoog
00SNL7;Personenauto;FIAT;10245.0;GRIJS;normaal
00SNP9;Personenauto;FIAT;10245.0;ZWART;normaal
00SNS2;Personenauto;FIAT;19700.0;GRIJS;normaal
00SNS5;Personenauto;FIAT;17270.0;GRIJS;normaal
00SPF6;Personenauto;FIAT;20629.0;ZWART;hoog
00SPS3;Personenauto;FIAT;17839.0;WIT;normaal
00SPV8;Personenauto;FIAT;16219.0;WIT;normaal
00SRF5;Personenauto;FIAT;19084.0;ZWART;normaal
00SRS7;Personenauto;FIAT;18334.0;GRIJS;normaal
00STD2;Personenauto;FIAT;10245.0;ZWART;normaal
00STG3;Personenauto;FIAT;13295.0;GRIJS;normaal
00STJ6;Personenauto;FIAT;9744.0;ZWART;normaal
00STL5;Personenauto;FIAT;10245.0;GRIJS;normaal
00STP4;Personenauto;FIAT;9369.0;BLAUW;normaal
00STP5;Personenauto;FIAT;10145.0;ROOD;normaal
00STT3;Personenauto;FIAT;9744.0;ZWART;normaal
00STT4;Personenauto;FIAT;16470.0;WIT;normaal
00STZ6;Personenauto;FIAT;10245.0;ZWART;normaal
00SVD6;Personenauto;FIAT;20294.0;WIT;hoog
00SVH7;Personenauto;FIAT;16470.0;ZWART;normaal
00SVL3;Personenauto;FIAT;17995.0;WIT;normaal
00SVP6;Personenauto;FIAT;9719.0;ZWART;normaal
00SVR6;Personenauto;FIAT;17219.0;WIT;normaal
00SXF2;Personenauto;FIAT;9744.0;ZWART;normaal
00SXK2;Personenauto;FIAT;40823.0;WIT;hoog
00SXP6;Personenauto;FIAT;9594.0;BEIGE;normaal
00SXZ9;Personenauto;FIAT;14169.0;BLAUW;normaal
00TBH7;Personenauto;FIAT;10144.0;BLAUW;normaal
00TBX8;Personenauto;FIAT;17310.0;BLAUW;normaal
00TFD9;Personenauto;FIAT;20370.0;BLAUW;hoog
00TFL4;Personenauto;FIAT;14994.0;ZWART;normaal
00TFP6;Personenauto;FIAT;17118.0;ZWART;normaal
00TGN3;Personenauto;FIAT;15069.0;GRIJS;normaal
00THF9;Personenauto;FIAT;9469.0;GRIJS;normaal
00THJ6;Personenauto;FIAT;13239.0;ROOD;normaal
00THN1;Personenauto;FIAT;14969.0;GRIJS;normaal
00THN2;Personenauto;FIAT;10144.0;ROOD;normaal
00THR8;Personenauto;FIAT;9369.0;WIT;normaal
00TJB3;Personenauto;FIAT;9469.0;GRIJS;normaal
00TJF1;Personenauto;FIAT;8619.0;ROOD;normaal
00TJJ8;Personenauto;FIAT;28624.0;ZWART;hoog
00TJR3;Personenauto;FIAT;16195.0;ZWART;normaal
00TJS8;Personenauto;FIAT;15795.0;BLAUW;normaal
00TJT1;Personenauto;FIAT;15795.0;GRIJS;normaal
00TKF5;Personenauto;FIAT;17869.0;ZWART;normaal
00TKN8;Personenauto;FIAT;13139.0;BLAUW;normaal
00TKS2;Personenauto;FIAT;13139.0;BLAUW;normaal
00TKV8;Personenauto;FIAT;13239.0;BLAUW;normaal
00TLB2;Personenauto;FIAT;15344.0;WIT;normaal
00TLF6;Personenauto;FIAT;21119.0;GRIJS;hoog
00TLJ5;Personenauto;FIAT;17794.0;ZWART;normaal
00TLJ6;Personenauto;FIAT;10294.0;GRIJS;normaal
00TLP3;Personenauto;FIAT;17869.0;BLAUW;normaal
00TLP4;Personenauto;FIAT;10244.0;GRIJS;normaal
00TLP5;Personenauto;FIAT;10244.0;GRIJS;normaal
00TLV5;Personenauto;FIAT;16794.0;WIT;normaal
00TLV7;Personenauto;FIAT;9344.0;ZWART;normaal
00TLV8;Personenauto;FIAT;13139.0;BLAUW;normaal
00TND2;Personenauto;FIAT;21120.0;ZWART;hoog
00TNS1;Personenauto;FIAT;16195.0;WIT;normaal
00TPG2;Personenauto;FIAT;15244.0;ZWART;normaal
00TPJ8;Personenauto;FIAT;13370.0;GRIJS;normaal
00TPL9;Personenauto;FIAT;18995.0;ROOD;normaal
00TPT3;Personenauto;FIAT;9519.0;GRIJS;normaal
00TPX7;Personenauto;FIAT;14644.0;GRIJS;normaal
00TRH3;Personenauto;FIAT;10144.0;BLAUW;normaal
00TRP3;Personenauto;FIAT;13695.0;ROOD;normaal
00TRT9;Personenauto;FIAT;10244.0;ZWART;normaal
00TSF6;Personenauto;FIAT;10245.0;GRIJS;normaal
00TSF7;Personenauto;FIAT;12589.0;GRIJS;normaal
00TSL8;Personenauto;FIAT;15669.0;ROOD;normaal
00TSL9;Personenauto;FIAT;9744.0;GRIJS;normaal
00TSN1;Personenauto;FIAT;19223.0;GRIJS;normaal
00TSX6;Personenauto;FIAT;14894.0;WIT;normaal
00TSX7;Personenauto;FIAT;10244.0;GRIJS;normaal
00TSX8;Personenauto;FIAT;9819.0;GRIJS;normaal
00TTD9;Personenauto;FIAT;10295.0;GRIJS;normaal
00TTP5;Personenauto;FIAT;15144.0;BLAUW;normaal
00TTS6;Personenauto;FIAT;15795.0;WIT;normaal
00TVD1;Personenauto;FIAT;9519.0;BEIGE;normaal
00TVG9;Personenauto;FIAT;9845.0;ZWART;normaal
00TVK5;Personenauto;FIAT;20019.0;ROOD;hoog
00TVX5;Personenauto;FIAT;8194.0;ROOD;normaal
00TXG6;Personenauto;FIAT;12690.0;WIT;normaal
00TXK1;Personenauto;FIAT;8445.0;GEEL;normaal
00TXN8;Personenauto;FIAT;19764.0;ROOD;normaal
00TXN9;Personenauto;FIAT;12389.0;GRIJS;normaal
00TXT7;Personenauto;FIAT;11964.0;GRIJS;normaal
00TXT8;Personenauto;FIAT;12790.0;WIT;normaal
00TZB1;Personenauto;FIAT;14494.0;GRIJS;normaal
00TZB3;Personenauto;FIAT;12439.0;GRIJS;normaal
00TZH8;Personenauto;FIAT;16194.0;BLAUW;normaal
00TZH9;Personenauto;FIAT;10145.0;WIT;normaal
00TZJ1;Personenauto;FIAT;17204.0;GRIJS;normaal
00TZJ2;Personenauto;FIAT;19299.0;GRIJS;normaal
00TZN2;Personenauto;FIAT;15119.0;BLAUW;normaal
00TZT7;Personenauto;FIAT;13290.0;BLAUW;normaal
00TZZ3;Personenauto;FIAT;11689.0;ROOD;normaal
00XBJ5;Personenauto;FIAT;12439.0;ROOD;normaal
00XBN2;Personenauto;FIAT;12940.0;BLAUW;normaal
00XDF1;Personenauto;FIAT;16944.0;WIT;normaal
00XDH9;Personenauto;FIAT;20094.0;ROOD;hoog
00XDJ1;Personenauto;FIAT;12340.0;BRUIN;normaal
00XDL6;Personenauto;FIAT;11989.0;GRIJS;normaal
00XDR2;Personenauto;FIAT;9919.0;GRIJS;normaal
00XDZ8;Personenauto;FIAT;12840.0;BLAUW;normaal
00XFF9;Personenauto;FIAT;16185.0;GRIJS;normaal
00XFJ8;Personenauto;FIAT;16622.0;ZWART;normaal
00XFJ9;Personenauto;FIAT;12340.0;BEIGE;normaal
00XFP6;Personenauto;FIAT;16065.0;ZWART;normaal
00XFX5;Personenauto;FIAT;20544.0;WIT;hoog
00XFX6;Personenauto;FIAT;8194.0;GEEL;normaal
00XFX7;Personenauto;FIAT;13640.0;BLAUW;normaal
00XGH4;Personenauto;FIAT;15094.0;GRIJS;normaal
00XGH5;Personenauto;FIAT;18044.0;GRIJS;normaal
00XGH6;Personenauto;FIAT;8194.0;GRIJS;normaal
00XGZ4;Personenauto;FIAT;17944.0;WIT;normaal
00XHS3;Personenauto;FIAT;13539.0;BLAUW;normaal
00XJF1;Personenauto;FIAT;9269.0;GRIJS;normaal
00XJS2;Personenauto;FIAT;13539.0;BLAUW;normaal
00XKG9;Personenauto;FIAT;13795.0;GRIJS;normaal
00XKX1;Personenauto;FIAT;12289.0;BEIGE;normaal
00XLD9;Personenauto;FIAT;9819.0;ZWART;normaal
00XLF2;Personenauto;FIAT;50587.0;WIT;hoog
00XLP4;Personenauto;FIAT;23045.0;WIT;hoog
00XNG9;Personenauto;FIAT;10295.0;ZWART;normaal
00XPB6;Personenauto;FIAT;15694.0;WIT;normaal
00XPB7;Personenauto;FIAT;9819.0;GRIJS;normaal
00XPB8;Personenauto;FIAT;17139.0;ZWART;normaal
00XPB9;Personenauto;FIAT;12340.0;ZWART;normaal
00XPR6;Personenauto;FIAT;10145.0;BLAUW;normaal
00XPR7;Personenauto;FIAT;9344.0;ROOD;normaal
00XPR8;Personenauto;FIAT;9720.0;WIT;normaal
00XPR9;Personenauto;FIAT;17441.0;WIT;normaal
00XPS1;Personenauto;FIAT;17139.0;GRIJS;normaal
00XPS2;Personenauto;FIAT;16689.0;ZWART;normaal
00XPS3;Personenauto;FIAT;12089.0;BRUIN;normaal
00XRF9;Personenauto;FIAT;14040.0;BLAUW;normaal
00XRK8;Personenauto;FIAT;18669.0;WIT;normaal
00XRK9;Personenauto;FIAT;12895.0;WIT;normaal
00XRS5;Personenauto;FIAT;16410.0;ZWART;normaal
